[ {
  "@id" : "_:genid1",
  "@type" : [ "http://www.w3.org/2002/07/owl#Restriction" ],
  "http://www.w3.org/2002/07/owl#onClass" : [ {
    "@id" : "https://w3id.org/transmodel/commons#Location"
  } ],
  "http://www.w3.org/2002/07/owl#onProperty" : [ {
    "@id" : "https://w3id.org/transmodel/commons#referenceFor"
  } ],
  "http://www.w3.org/2002/07/owl#qualifiedCardinality" : [ {
    "@type" : "http://www.w3.org/2001/XMLSchema#nonNegativeInteger",
    "@value" : "1"
  } ]
}, {
  "@id" : "_:genid10",
  "@type" : [ "http://www.w3.org/2002/07/owl#Restriction" ],
  "http://www.w3.org/2002/07/owl#onClass" : [ {
    "@id" : "https://w3id.org/transmodel/commons#Location"
  } ],
  "http://www.w3.org/2002/07/owl#onProperty" : [ {
    "@id" : "https://w3id.org/transmodel/commons#locatedBy"
  } ],
  "http://www.w3.org/2002/07/owl#qualifiedCardinality" : [ {
    "@type" : "http://www.w3.org/2001/XMLSchema#nonNegativeInteger",
    "@value" : "1"
  } ]
}, {
  "@id" : "_:genid11",
  "@type" : [ "http://www.w3.org/2002/07/owl#Restriction" ],
  "http://www.w3.org/2002/07/owl#allValuesFrom" : [ {
    "@id" : "http://www.w3.org/2001/XMLSchema#string"
  } ],
  "http://www.w3.org/2002/07/owl#onProperty" : [ {
    "@id" : "https://w3id.org/transmodel/commons#colour"
  } ]
}, {
  "@id" : "_:genid12",
  "@type" : [ "http://www.w3.org/2002/07/owl#Restriction" ],
  "http://www.w3.org/2002/07/owl#allValuesFrom" : [ {
    "@id" : "http://www.w3.org/2001/XMLSchema#string"
  } ],
  "http://www.w3.org/2002/07/owl#onProperty" : [ {
    "@id" : "https://w3id.org/transmodel/commons#textColour"
  } ]
}, {
  "@id" : "_:genid13",
  "@type" : [ "http://www.w3.org/2002/07/owl#Restriction" ],
  "http://www.w3.org/2002/07/owl#allValuesFrom" : [ {
    "@id" : "https://w3id.org/transmodel/commons#GroupOfEntities"
  } ],
  "http://www.w3.org/2002/07/owl#onProperty" : [ {
    "@id" : "https://w3id.org/transmodel/commons#aClasificationFor"
  } ]
}, {
  "@id" : "_:genid14",
  "@type" : [ "http://www.w3.org/2002/07/owl#Restriction" ],
  "http://www.w3.org/2002/07/owl#onProperty" : [ {
    "@id" : "http://www.w3.org/2000/01/rdf-schema#comment"
  } ],
  "http://www.w3.org/2002/07/owl#someValuesFrom" : [ {
    "@id" : "http://www.w3.org/2001/XMLSchema#string"
  } ]
}, {
  "@id" : "_:genid15",
  "@type" : [ "http://www.w3.org/2002/07/owl#Restriction" ],
  "http://www.w3.org/2002/07/owl#onProperty" : [ {
    "@id" : "http://www.w3.org/2000/01/rdf-schema#label"
  } ],
  "http://www.w3.org/2002/07/owl#someValuesFrom" : [ {
    "@id" : "http://www.w3.org/2001/XMLSchema#string"
  } ]
}, {
  "@id" : "_:genid16",
  "https://w3id.org/transmodel/commons#mbox" : [ {
    "@language" : "en",
    "@value" : "adolfo.anton.bravo@upm.es"
  } ],
  "https://w3id.org/transmodel/commons#name" : [ {
    "@language" : "en",
    "@value" : "Adolfo Anton-Bravo"
  } ]
}, {
  "@id" : "_:genid2",
  "@type" : [ "http://www.w3.org/2002/07/owl#Restriction" ],
  "http://www.w3.org/2002/07/owl#onProperty" : [ {
    "@id" : "http://purl.org/dc/terms/identifier"
  } ],
  "http://www.w3.org/2002/07/owl#someValuesFrom" : [ {
    "@id" : "http://www.w3.org/2001/XMLSchema#string"
  } ]
}, {
  "@id" : "_:genid3",
  "@type" : [ "http://www.w3.org/2002/07/owl#Restriction" ],
  "http://www.w3.org/2002/07/owl#onProperty" : [ {
    "@id" : "http://www.w3.org/2000/01/rdf-schema#label"
  } ],
  "http://www.w3.org/2002/07/owl#someValuesFrom" : [ {
    "@id" : "http://www.w3.org/2001/XMLSchema#string"
  } ]
}, {
  "@id" : "_:genid4",
  "@type" : [ "http://www.w3.org/2002/07/owl#Restriction" ],
  "http://www.w3.org/2002/07/owl#onProperty" : [ {
    "@id" : "http://purl.org/dc/terms/identifier"
  } ],
  "http://www.w3.org/2002/07/owl#someValuesFrom" : [ {
    "@id" : "http://www.w3.org/2001/XMLSchema#string"
  } ]
}, {
  "@id" : "_:genid5",
  "@type" : [ "http://www.w3.org/2002/07/owl#Restriction" ],
  "http://www.w3.org/2002/07/owl#maxQualifiedCardinality" : [ {
    "@type" : "http://www.w3.org/2001/XMLSchema#nonNegativeInteger",
    "@value" : "1"
  } ],
  "http://www.w3.org/2002/07/owl#onDataRange" : [ {
    "@id" : "http://www.w3.org/2001/XMLSchema#float"
  } ],
  "http://www.w3.org/2002/07/owl#onProperty" : [ {
    "@id" : "http://www.w3.org/2003/01/geo/wgs84_pos#alt"
  } ]
}, {
  "@id" : "_:genid6",
  "@type" : [ "http://www.w3.org/2002/07/owl#Restriction" ],
  "http://www.w3.org/2002/07/owl#maxQualifiedCardinality" : [ {
    "@type" : "http://www.w3.org/2001/XMLSchema#nonNegativeInteger",
    "@value" : "1"
  } ],
  "http://www.w3.org/2002/07/owl#onDataRange" : [ {
    "@id" : "http://www.w3.org/2001/XMLSchema#float"
  } ],
  "http://www.w3.org/2002/07/owl#onProperty" : [ {
    "@id" : "http://www.w3.org/2003/01/geo/wgs84_pos#lat"
  } ]
}, {
  "@id" : "_:genid7",
  "@type" : [ "http://www.w3.org/2002/07/owl#Restriction" ],
  "http://www.w3.org/2002/07/owl#maxQualifiedCardinality" : [ {
    "@type" : "http://www.w3.org/2001/XMLSchema#nonNegativeInteger",
    "@value" : "1"
  } ],
  "http://www.w3.org/2002/07/owl#onDataRange" : [ {
    "@id" : "http://www.w3.org/2001/XMLSchema#string"
  } ],
  "http://www.w3.org/2002/07/owl#onProperty" : [ {
    "@id" : "http://www.w3.org/2003/01/geo/wgs84_pos#lat_long"
  } ]
}, {
  "@id" : "_:genid8",
  "@type" : [ "http://www.w3.org/2002/07/owl#Restriction" ],
  "http://www.w3.org/2002/07/owl#maxQualifiedCardinality" : [ {
    "@type" : "http://www.w3.org/2001/XMLSchema#nonNegativeInteger",
    "@value" : "1"
  } ],
  "http://www.w3.org/2002/07/owl#onDataRange" : [ {
    "@id" : "http://www.w3.org/2001/XMLSchema#float"
  } ],
  "http://www.w3.org/2002/07/owl#onProperty" : [ {
    "@id" : "http://www.w3.org/2003/01/geo/wgs84_pos#long"
  } ]
}, {
  "@id" : "_:genid9",
  "@type" : [ "http://www.w3.org/2002/07/owl#Restriction" ],
  "http://www.w3.org/2002/07/owl#allValuesFrom" : [ {
    "@id" : "https://w3id.org/transmodel/journeys#PointInLinkSequence"
  } ],
  "http://www.w3.org/2002/07/owl#onProperty" : [ {
    "@id" : "https://w3id.org/transmodel/journeys#aViewOf"
  } ]
}, {
  "@id" : "http://creativecommons.org/ns#license",
  "@type" : [ "http://www.w3.org/2002/07/owl#AnnotationProperty" ]
}, {
  "@id" : "http://purl.org/dc/elements/1.1/creator",
  "@type" : [ "http://www.w3.org/2002/07/owl#AnnotationProperty" ]
}, {
  "@id" : "http://purl.org/dc/elements/1.1/date",
  "@type" : [ "http://www.w3.org/2002/07/owl#AnnotationProperty" ]
}, {
  "@id" : "http://purl.org/dc/elements/1.1/description",
  "@type" : [ "http://www.w3.org/2002/07/owl#AnnotationProperty" ]
}, {
  "@id" : "http://purl.org/dc/elements/1.1/identifier",
  "@type" : [ "http://www.w3.org/2002/07/owl#AnnotationProperty" ]
}, {
  "@id" : "http://purl.org/dc/elements/1.1/rights",
  "@type" : [ "http://www.w3.org/2002/07/owl#AnnotationProperty" ]
}, {
  "@id" : "http://purl.org/dc/elements/1.1/title",
  "@type" : [ "http://www.w3.org/2002/07/owl#AnnotationProperty" ]
}, {
  "@id" : "http://purl.org/dc/terms/identifier",
  "@type" : [ "http://www.w3.org/2002/07/owl#DatatypeProperty", "http://www.w3.org/2002/07/owl#NamedIndividual" ],
  "http://www.w3.org/2000/01/rdf-schema#label" : [ {
    "@language" : "en",
    "@value" : "identifier"
  } ]
}, {
  "@id" : "http://purl.org/vocab/vann/preferredNamespaceUri",
  "@type" : [ "http://www.w3.org/2002/07/owl#AnnotationProperty" ]
}, {
  "@id" : "http://www.w3.org/2000/01/rdf-schema#comment",
  "@type" : [ "http://www.w3.org/2002/07/owl#DatatypeProperty" ],
  "http://www.w3.org/2000/01/rdf-schema#label" : [ {
    "@language" : "en",
    "@value" : "description"
  } ],
  "http://www.w3.org/2000/01/rdf-schema#range" : [ {
    "@id" : "http://www.w3.org/2001/XMLSchema#string"
  } ]
}, {
  "@id" : "http://www.w3.org/2000/01/rdf-schema#label",
  "@type" : [ "http://www.w3.org/2002/07/owl#DatatypeProperty", "http://www.w3.org/2002/07/owl#NamedIndividual" ],
  "http://www.w3.org/2000/01/rdf-schema#label" : [ {
    "@language" : "en",
    "@value" : "name"
  } ],
  "http://www.w3.org/2000/01/rdf-schema#range" : [ {
    "@id" : "http://www.w3.org/2001/XMLSchema#string"
  } ]
}, {
  "@id" : "http://www.w3.org/2003/01/geo/wgs84_pos#alt",
  "@type" : [ "http://www.w3.org/2002/07/owl#DatatypeProperty", "http://www.w3.org/2002/07/owl#NamedIndividual" ],
  "http://www.w3.org/2000/01/rdf-schema#label" : [ {
    "@language" : "en",
    "@value" : "altitude"
  } ]
}, {
  "@id" : "http://www.w3.org/2003/01/geo/wgs84_pos#lat",
  "@type" : [ "http://www.w3.org/2002/07/owl#DatatypeProperty", "http://www.w3.org/2002/07/owl#NamedIndividual" ],
  "http://www.w3.org/2000/01/rdf-schema#label" : [ {
    "@language" : "en",
    "@value" : "latitude"
  } ]
}, {
  "@id" : "http://www.w3.org/2003/01/geo/wgs84_pos#lat_long",
  "@type" : [ "http://www.w3.org/2002/07/owl#DatatypeProperty", "http://www.w3.org/2002/07/owl#NamedIndividual" ],
  "http://www.w3.org/2000/01/rdf-schema#label" : [ {
    "@language" : "en",
    "@value" : "coordinates"
  } ]
}, {
  "@id" : "http://www.w3.org/2003/01/geo/wgs84_pos#long",
  "@type" : [ "http://www.w3.org/2002/07/owl#DatatypeProperty", "http://www.w3.org/2002/07/owl#NamedIndividual" ],
  "http://www.w3.org/2000/01/rdf-schema#label" : [ {
    "@language" : "en",
    "@value" : "longitude"
  } ]
}, {
  "@id" : "http://www.w3.org/2004/02/skos/core#ConceptScheme",
  "@type" : [ "http://www.w3.org/2002/07/owl#Class" ]
}, {
  "@id" : "https://w3id.org/transmodel/common#ActivationLink",
  "@type" : [ "http://www.w3.org/2002/07/owl#Class", "http://www.w3.org/2002/07/owl#NamedIndividual" ],
  "http://www.w3.org/2000/01/rdf-schema#comment" : [ {
    "@language" : "en",
    "@value" : "A Link where a control process is activated when a vehicle passes it"
  } ],
  "http://www.w3.org/2000/01/rdf-schema#label" : [ {
    "@language" : "en",
    "@value" : "ActivationLink"
  } ],
  "http://www.w3.org/2000/01/rdf-schema#subClassOf" : [ {
    "@id" : "https://w3id.org/transmodel/commons#TOREVIEW"
  } ]
}, {
  "@id" : "https://w3id.org/transmodel/common#ActivationPoint",
  "@type" : [ "http://www.w3.org/2002/07/owl#Class", "http://www.w3.org/2002/07/owl#NamedIndividual" ],
  "http://www.w3.org/2000/01/rdf-schema#comment" : [ {
    "@value" : "A Point where a control process is activated when a vehicle passes it. Equipment may be needed for activation"
  } ],
  "http://www.w3.org/2000/01/rdf-schema#label" : [ {
    "@language" : "en",
    "@value" : "ActivationPoint"
  } ],
  "http://www.w3.org/2000/01/rdf-schema#subClassOf" : [ {
    "@id" : "https://w3id.org/transmodel/common#Point"
  } ]
}, {
  "@id" : "https://w3id.org/transmodel/common#HeadingInterval",
  "@type" : [ "http://www.w3.org/2002/07/owl#Class", "http://www.w3.org/2002/07/owl#NamedIndividual" ],
  "http://www.w3.org/2000/01/rdf-schema#comment" : [ {
    "@language" : "en",
    "@value" : "A time interval or a duration defining a headway period and characterizing HeadwayJourneyGroup"
  } ],
  "http://www.w3.org/2000/01/rdf-schema#label" : [ {
    "@language" : "en",
    "@value" : "HeadwayInterval"
  } ],
  "http://www.w3.org/2000/01/rdf-schema#subClassOf" : [ {
    "@id" : "https://w3id.org/transmodel/commons#TOREVIEW"
  } ]
}, {
  "@id" : "https://w3id.org/transmodel/common#JourneyPatternLayover",
  "@type" : [ "http://www.w3.org/2002/07/owl#Class", "http://www.w3.org/2002/07/owl#NamedIndividual" ],
  "http://www.w3.org/2000/01/rdf-schema#comment" : [ {
    "@language" : "en",
    "@value" : "A JourneyPatternLayover is the time allowance at the end of each journey on a specified JourneyPattern to allow for delays and for other purposes. This layover supersedes any global layover and may be superseded by a specific VehicleJourneyLayover"
  } ],
  "http://www.w3.org/2000/01/rdf-schema#label" : [ {
    "@language" : "en",
    "@value" : "JourneyPatternLayover"
  } ],
  "http://www.w3.org/2000/01/rdf-schema#subClassOf" : [ {
    "@id" : "https://w3id.org/transmodel/commons#TOREVIEW"
  } ]
}, {
  "@id" : "https://w3id.org/transmodel/common#Passenger",
  "@type" : [ "http://www.w3.org/2002/07/owl#Class", "http://www.w3.org/2002/07/owl#NamedIndividual" ],
  "http://www.w3.org/2000/01/rdf-schema#comment" : [ {
    "@language" : "en",
    "@value" : "A Passenger is someone who makes a Trip"
  }, {
    "@language" : "en",
    "@value" : "When a Passenger makes a Journey it is a Trip; when a Vehicle does it is a VehicleJourney"
  } ],
  "http://www.w3.org/2000/01/rdf-schema#label" : [ {
    "@language" : "en",
    "@value" : "Passenger"
  } ],
  "http://www.w3.org/2000/01/rdf-schema#subClassOf" : [ {
    "@id" : "https://w3id.org/transmodel/commons#TOREVIEW"
  } ]
}, {
  "@id" : "https://w3id.org/transmodel/common#Point",
  "@type" : [ "http://www.w3.org/2002/07/owl#Class", "http://www.w3.org/2002/07/owl#NamedIndividual" ],
  "http://www.w3.org/2000/01/rdf-schema#comment" : [ {
    "@language" : "en",
    "@value" : "A Point is a 0-dimensional Node of the Network used for the spatial description of the network. Point may be located by a Location"
  } ],
  "http://www.w3.org/2000/01/rdf-schema#label" : [ {
    "@language" : "en",
    "@value" : "Point"
  } ],
  "http://www.w3.org/2000/01/rdf-schema#subClassOf" : [ {
    "@id" : "https://w3id.org/transmodel/commons#TOREVIEW"
  } ]
}, {
  "@id" : "https://w3id.org/transmodel/common#Service",
  "@type" : [ "http://www.w3.org/2002/07/owl#Class", "http://www.w3.org/2002/07/owl#NamedIndividual" ],
  "http://www.w3.org/2000/01/rdf-schema#comment" : [ {
    "@language" : "en",
    "@value" : "A ServiceJourney is a Passenger carrying VehicleJourney for one\nspecified DayType. The pattern of working is in principle defined\nby a ServiceJourneyPattern."
  } ],
  "http://www.w3.org/2000/01/rdf-schema#label" : [ {
    "@language" : "en",
    "@value" : "ServiceJourney"
  } ],
  "http://www.w3.org/2000/01/rdf-schema#subClassOf" : [ {
    "@id" : "https://w3id.org/transmodel/commons#TOREVIEW"
  } ]
}, {
  "@id" : "https://w3id.org/transmodel/common#TimingLink",
  "@type" : [ "http://www.w3.org/2002/07/owl#Class", "http://www.w3.org/2002/07/owl#NamedIndividual" ],
  "http://www.w3.org/2000/01/rdf-schema#label" : [ {
    "@language" : "en",
    "@value" : "A TimingLink is an ordered pair of TimingPoint for which run times\nmay be recorded."
  }, {
    "@language" : "en",
    "@value" : "TimingLink"
  } ],
  "http://www.w3.org/2000/01/rdf-schema#subClassOf" : [ {
    "@id" : "https://w3id.org/transmodel/commons#TOREVIEW"
  } ]
}, {
  "@id" : "https://w3id.org/transmodel/common#TimingLinkInJourneyPattern",
  "@type" : [ "http://www.w3.org/2002/07/owl#Class", "http://www.w3.org/2002/07/owl#NamedIndividual" ],
  "http://www.w3.org/2000/01/rdf-schema#comment" : [ {
    "@language" : "en",
    "@value" : "A TimingLinkInJourneyPattern is the position of a TimingLink in a\nJourneyPattern. This entity is needed if a TimingLink is repeated\nin the same JourneyPattern, and separate information is to be stored\nabout each iteration of the TimingLink"
  } ],
  "http://www.w3.org/2000/01/rdf-schema#label" : [ {
    "@language" : "en",
    "@value" : "TimingLinkInJourneyPattern"
  } ],
  "http://www.w3.org/2000/01/rdf-schema#subClassOf" : [ {
    "@id" : "https://w3id.org/transmodel/commons#TOREVIEW"
  } ]
}, {
  "@id" : "https://w3id.org/transmodel/common#TimingPoint",
  "@type" : [ "http://www.w3.org/2002/07/owl#Class", "http://www.w3.org/2002/07/owl#NamedIndividual" ],
  "http://www.w3.org/2000/01/rdf-schema#comment" : [ {
    "@language" : "en",
    "@value" : "A TimingPoint is a Point against which the timing information necessary to build schedules may be\nrecorded. It's the same as TimingPointInJourneyPattern"
  } ],
  "http://www.w3.org/2000/01/rdf-schema#label" : [ {
    "@language" : "en",
    "@value" : "TimingPoint"
  } ],
  "http://www.w3.org/2000/01/rdf-schema#subClassOf" : [ {
    "@id" : "https://w3id.org/transmodel/common#Point"
  } ]
}, {
  "@id" : "https://w3id.org/transmodel/common#Trip",
  "@type" : [ "http://www.w3.org/2002/07/owl#Class", "http://www.w3.org/2002/07/owl#NamedIndividual" ],
  "http://www.w3.org/2000/01/rdf-schema#comment" : [ {
    "@language" : "en",
    "@value" : "The physical spatial possibility for a passenger to travel from a Place (located Point) origin of the Trip to another place (located Point) destination of the Trip."
  } ],
  "http://www.w3.org/2000/01/rdf-schema#label" : [ {
    "@language" : "en",
    "@value" : "Trip"
  } ],
  "http://www.w3.org/2000/01/rdf-schema#subClassOf" : [ {
    "@id" : "https://w3id.org/transmodel/commons#TOREVIEW"
  } ]
}, {
  "@id" : "https://w3id.org/transmodel/common#Vehicle",
  "@type" : [ "http://www.w3.org/2002/07/owl#Class", "http://www.w3.org/2002/07/owl#NamedIndividual" ],
  "http://www.w3.org/2000/01/rdf-schema#comment" : [ {
    "@language" : "en",
    "@value" : "A PublicTransportVehicle used for carrying Passengers"
  } ],
  "http://www.w3.org/2000/01/rdf-schema#label" : [ {
    "@language" : "en",
    "@value" : "Vehicle"
  } ],
  "http://www.w3.org/2000/01/rdf-schema#subClassOf" : [ {
    "@id" : "https://w3id.org/transmodel/commons#TOREVIEW"
  } ]
}, {
  "@id" : "https://w3id.org/transmodel/common#VehicleJourneyLayover",
  "@type" : [ "http://www.w3.org/2002/07/owl#Class", "http://www.w3.org/2002/07/owl#NamedIndividual" ],
  "http://www.w3.org/2000/01/rdf-schema#label" : [ {
    "@language" : "en",
    "@value" : "VehicleJourneyLayover"
  } ],
  "http://www.w3.org/2000/01/rdf-schema#subClassOf" : [ {
    "@id" : "https://w3id.org/transmodel/commons#TOREVIEW"
  } ]
}, {
  "@id" : "https://w3id.org/transmodel/common#arrivalTime",
  "@type" : [ "http://www.w3.org/2002/07/owl#DatatypeProperty", "http://www.w3.org/2002/07/owl#NamedIndividual" ],
  "http://www.w3.org/2000/01/rdf-schema#domain" : [ {
    "@id" : "https://w3id.org/transmodel/common#TimingPoint"
  } ],
  "http://www.w3.org/2000/01/rdf-schema#label" : [ {
    "@language" : "en",
    "@value" : "arrivalTime"
  } ],
  "http://www.w3.org/2000/01/rdf-schema#range" : [ {
    "@id" : "http://www.w3.org/2001/XMLSchema#dateTimeStamp"
  } ]
}, {
  "@id" : "https://w3id.org/transmodel/common#canAlight",
  "@type" : [ "http://www.w3.org/2002/07/owl#ObjectProperty", "http://www.w3.org/2002/07/owl#NamedIndividual" ],
  "http://www.w3.org/2000/01/rdf-schema#domain" : [ {
    "@id" : "https://w3id.org/transmodel/common#Passenger"
  } ],
  "http://www.w3.org/2000/01/rdf-schema#label" : [ {
    "@language" : "en",
    "@value" : "canAlight"
  } ],
  "http://www.w3.org/2000/01/rdf-schema#subPropertyOf" : [ {
    "@id" : "https://w3id.org/transmodel/journeys#TOREVIEW"
  } ]
}, {
  "@id" : "https://w3id.org/transmodel/common#canBoard",
  "@type" : [ "http://www.w3.org/2002/07/owl#ObjectProperty", "http://www.w3.org/2002/07/owl#NamedIndividual" ],
  "http://www.w3.org/2000/01/rdf-schema#domain" : [ {
    "@id" : "https://w3id.org/transmodel/common#Passenger"
  } ],
  "http://www.w3.org/2000/01/rdf-schema#label" : [ {
    "@language" : "en",
    "@value" : "canBoard"
  } ],
  "http://www.w3.org/2000/01/rdf-schema#subPropertyOf" : [ {
    "@id" : "https://w3id.org/transmodel/journeys#TOREVIEW"
  } ]
}, {
  "@id" : "https://w3id.org/transmodel/common#destinationStop",
  "@type" : [ "http://www.w3.org/2002/07/owl#ObjectProperty", "http://www.w3.org/2002/07/owl#NamedIndividual" ],
  "http://www.w3.org/2000/01/rdf-schema#label" : [ {
    "@language" : "en",
    "@value" : "destinationStop"
  } ],
  "http://www.w3.org/2000/01/rdf-schema#subPropertyOf" : [ {
    "@id" : "https://w3id.org/transmodel/journeys#TOREVIEW"
  } ]
}, {
  "@id" : "https://w3id.org/transmodel/common#followsJourneyPattern",
  "@type" : [ "http://www.w3.org/2002/07/owl#ObjectProperty", "http://www.w3.org/2002/07/owl#NamedIndividual" ],
  "http://www.w3.org/2000/01/rdf-schema#label" : [ {
    "@language" : "en",
    "@value" : "followsJourneyPattern"
  } ],
  "http://www.w3.org/2000/01/rdf-schema#subPropertyOf" : [ {
    "@id" : "https://w3id.org/transmodel/journeys#TOREVIEW"
  } ]
}, {
  "@id" : "https://w3id.org/transmodel/common#hasAServiceJourneyPattern",
  "@type" : [ "http://www.w3.org/2002/07/owl#ObjectProperty", "http://www.w3.org/2002/07/owl#NamedIndividual" ],
  "http://www.w3.org/2000/01/rdf-schema#domain" : [ {
    "@id" : "https://w3id.org/transmodel/common#Service"
  } ],
  "http://www.w3.org/2000/01/rdf-schema#label" : [ {
    "@language" : "en",
    "@value" : "serviceJourneyPattern"
  } ],
  "http://www.w3.org/2000/01/rdf-schema#subPropertyOf" : [ {
    "@id" : "https://w3id.org/transmodel/journeys#TOREVIEW"
  } ]
}, {
  "@id" : "https://w3id.org/transmodel/common#headway",
  "@type" : [ "http://www.w3.org/2002/07/owl#DatatypeProperty", "http://www.w3.org/2002/07/owl#NamedIndividual" ],
  "http://www.w3.org/2000/01/rdf-schema#label" : [ {
    "@language" : "en",
    "@value" : "headway"
  } ],
  "http://www.w3.org/2000/01/rdf-schema#range" : [ {
    "@id" : "http://www.w3.org/2001/XMLSchema#dateTimeStamp"
  } ]
}, {
  "@id" : "https://w3id.org/transmodel/common#journeyPatternPoint",
  "@type" : [ "http://www.w3.org/2002/07/owl#ObjectProperty", "http://www.w3.org/2002/07/owl#NamedIndividual" ],
  "http://www.w3.org/2000/01/rdf-schema#label" : [ {
    "@language" : "en",
    "@value" : "journeyPatternPoint"
  } ],
  "http://www.w3.org/2000/01/rdf-schema#range" : [ {
    "@id" : "https://w3id.org/transmodel/common#Point"
  } ],
  "http://www.w3.org/2000/01/rdf-schema#subPropertyOf" : [ {
    "@id" : "https://w3id.org/transmodel/journeys#TOREVIEW"
  } ]
}, {
  "@id" : "https://w3id.org/transmodel/common#layover",
  "@type" : [ "http://www.w3.org/2002/07/owl#DatatypeProperty", "http://www.w3.org/2002/07/owl#NamedIndividual" ],
  "http://www.w3.org/2000/01/rdf-schema#label" : [ {
    "@language" : "en",
    "@value" : "layover"
  } ],
  "http://www.w3.org/2000/01/rdf-schema#range" : [ {
    "@id" : "http://www.w3.org/2001/XMLSchema#dateTimeStamp"
  } ]
}, {
  "@id" : "https://w3id.org/transmodel/common#makesAServiceJourney",
  "@type" : [ "http://www.w3.org/2002/07/owl#ObjectProperty", "http://www.w3.org/2002/07/owl#NamedIndividual" ],
  "http://www.w3.org/2000/01/rdf-schema#domain" : [ {
    "@id" : "https://w3id.org/transmodel/common#Passenger"
  } ],
  "http://www.w3.org/2000/01/rdf-schema#label" : [ {
    "@language" : "en",
    "@value" : "serviceJourney"
  } ],
  "http://www.w3.org/2000/01/rdf-schema#range" : [ {
    "@id" : "https://w3id.org/transmodel/common#Service"
  } ],
  "http://www.w3.org/2000/01/rdf-schema#subPropertyOf" : [ {
    "@id" : "https://w3id.org/transmodel/journeys#TOREVIEW"
  } ]
}, {
  "@id" : "https://w3id.org/transmodel/common#originStop",
  "@type" : [ "http://www.w3.org/2002/07/owl#ObjectProperty", "http://www.w3.org/2002/07/owl#NamedIndividual" ],
  "http://www.w3.org/2000/01/rdf-schema#label" : [ {
    "@language" : "en",
    "@value" : "originStop"
  } ],
  "http://www.w3.org/2000/01/rdf-schema#subPropertyOf" : [ {
    "@id" : "https://w3id.org/transmodel/journeys#TOREVIEW"
  } ]
}, {
  "@id" : "https://w3id.org/transmodel/common#pointSequence",
  "@type" : [ "http://www.w3.org/2002/07/owl#DatatypeProperty", "http://www.w3.org/2002/07/owl#NamedIndividual" ],
  "http://www.w3.org/2000/01/rdf-schema#comment" : [ {
    "@language" : "en",
    "@value" : "Sequences of ScheduledStopPoint"
  } ],
  "http://www.w3.org/2000/01/rdf-schema#label" : [ {
    "@language" : "en",
    "@value" : "stopSequence"
  } ],
  "http://www.w3.org/2000/01/rdf-schema#range" : [ {
    "@id" : "http://www.w3.org/2001/XMLSchema#nonNegativeInteger"
  } ]
}, {
  "@id" : "https://w3id.org/transmodel/common#route",
  "@type" : [ "http://www.w3.org/2002/07/owl#ObjectProperty", "http://www.w3.org/2002/07/owl#NamedIndividual" ],
  "http://www.w3.org/2000/01/rdf-schema#label" : [ {
    "@language" : "en",
    "@value" : "route"
  } ],
  "http://www.w3.org/2000/01/rdf-schema#subPropertyOf" : [ {
    "@id" : "https://w3id.org/transmodel/journeys#TOREVIEW"
  } ]
}, {
  "@id" : "https://w3id.org/transmodel/common#runtime",
  "@type" : [ "http://www.w3.org/2002/07/owl#DatatypeProperty", "http://www.w3.org/2002/07/owl#NamedIndividual" ],
  "http://www.w3.org/2000/01/rdf-schema#label" : [ {
    "@language" : "en",
    "@value" : "runtime"
  } ],
  "http://www.w3.org/2000/01/rdf-schema#range" : [ {
    "@id" : "http://www.w3.org/2001/XMLSchema#nonNegativeInteger"
  } ]
}, {
  "@id" : "https://w3id.org/transmodel/common#scheduledStopPoint",
  "@type" : [ "http://www.w3.org/2002/07/owl#ObjectProperty", "http://www.w3.org/2002/07/owl#NamedIndividual" ],
  "http://www.w3.org/2000/01/rdf-schema#label" : [ {
    "@language" : "en",
    "@value" : "scheduledStopPoint"
  } ],
  "http://www.w3.org/2000/01/rdf-schema#subPropertyOf" : [ {
    "@id" : "https://w3id.org/transmodel/journeys#TOREVIEW"
  } ]
}, {
  "@id" : "https://w3id.org/transmodel/common#startTime",
  "@type" : [ "http://www.w3.org/2002/07/owl#DatatypeProperty", "http://www.w3.org/2002/07/owl#NamedIndividual" ],
  "http://www.w3.org/2000/01/rdf-schema#domain" : [ {
    "@id" : "https://w3id.org/transmodel/common#HeadingInterval"
  } ],
  "http://www.w3.org/2000/01/rdf-schema#label" : [ {
    "@language" : "en",
    "@value" : "startTime"
  } ],
  "http://www.w3.org/2000/01/rdf-schema#range" : [ {
    "@id" : "http://www.w3.org/2001/XMLSchema#string"
  } ]
}, {
  "@id" : "https://w3id.org/transmodel/common#stopsAt",
  "@type" : [ "http://www.w3.org/2002/07/owl#ObjectProperty", "http://www.w3.org/2002/07/owl#NamedIndividual" ],
  "http://www.w3.org/2000/01/rdf-schema#domain" : [ {
    "@id" : "https://w3id.org/transmodel/common#Vehicle"
  } ],
  "http://www.w3.org/2000/01/rdf-schema#label" : [ {
    "@language" : "en",
    "@value" : "stopsAt"
  } ],
  "http://www.w3.org/2000/01/rdf-schema#subPropertyOf" : [ {
    "@id" : "https://w3id.org/transmodel/journeys#TOREVIEW"
  } ]
}, {
  "@id" : "https://w3id.org/transmodel/common#time",
  "@type" : [ "http://www.w3.org/2002/07/owl#DatatypeProperty", "http://www.w3.org/2002/07/owl#NamedIndividual" ],
  "http://www.w3.org/2000/01/rdf-schema#domain" : [ {
    "@id" : "https://w3id.org/transmodel/common#JourneyPatternLayover"
  }, {
    "@id" : "https://w3id.org/transmodel/common#TimingPoint"
  }, {
    "@id" : "https://w3id.org/transmodel/common#VehicleJourneyLayover"
  } ],
  "http://www.w3.org/2000/01/rdf-schema#label" : [ {
    "@language" : "en",
    "@value" : "time"
  } ],
  "http://www.w3.org/2000/01/rdf-schema#range" : [ {
    "@id" : "http://www.w3.org/2001/XMLSchema#dateTimeStamp"
  } ]
}, {
  "@id" : "https://w3id.org/transmodel/common#timeLink",
  "@type" : [ "http://www.w3.org/2002/07/owl#DatatypeProperty", "http://www.w3.org/2002/07/owl#NamedIndividual" ],
  "http://www.w3.org/2000/01/rdf-schema#comment" : [ {
    "@language" : "en",
    "@value" : "Sequences of TimePoints"
  } ],
  "http://www.w3.org/2000/01/rdf-schema#domain" : [ {
    "@id" : "https://w3id.org/transmodel/common#TimingPoint"
  } ],
  "http://www.w3.org/2000/01/rdf-schema#label" : [ {
    "@language" : "en",
    "@value" : "timeLink"
  } ],
  "http://www.w3.org/2000/01/rdf-schema#range" : [ {
    "@id" : "http://www.w3.org/2001/XMLSchema#nonNegativeInteger"
  } ]
}, {
  "@id" : "https://w3id.org/transmodel/common#timingLink",
  "@type" : [ "http://www.w3.org/2002/07/owl#ObjectProperty", "http://www.w3.org/2002/07/owl#NamedIndividual" ],
  "http://www.w3.org/2000/01/rdf-schema#domain" : [ {
    "@id" : "https://w3id.org/transmodel/common#TimingLink"
  } ],
  "http://www.w3.org/2000/01/rdf-schema#label" : [ {
    "@language" : "en",
    "@value" : "timingLinkPoint"
  } ],
  "http://www.w3.org/2000/01/rdf-schema#range" : [ {
    "@id" : "https://w3id.org/transmodel/common#TimingPoint"
  } ],
  "http://www.w3.org/2000/01/rdf-schema#subPropertyOf" : [ {
    "@id" : "https://w3id.org/transmodel/journeys#TOREVIEW"
  } ]
}, {
  "@id" : "https://w3id.org/transmodel/common#timingLinkInJourneyPattern",
  "@type" : [ "http://www.w3.org/2002/07/owl#ObjectProperty", "http://www.w3.org/2002/07/owl#DatatypeProperty", "http://www.w3.org/2002/07/owl#NamedIndividual" ],
  "http://www.w3.org/2000/01/rdf-schema#label" : [ {
    "@language" : "en",
    "@value" : "timingLinkInJourneyPattern"
  } ],
  "http://www.w3.org/2000/01/rdf-schema#range" : [ {
    "@id" : "https://w3id.org/transmodel/common#TimingLinkInJourneyPattern"
  } ],
  "http://www.w3.org/2000/01/rdf-schema#subPropertyOf" : [ {
    "@id" : "https://w3id.org/transmodel/journeys#TOREVIEW"
  } ]
}, {
  "@id" : "https://w3id.org/transmodel/common#timingLinkPointSequence",
  "@type" : [ "http://www.w3.org/2002/07/owl#DatatypeProperty" ],
  "http://www.w3.org/2000/01/rdf-schema#domain" : [ {
    "@id" : "https://w3id.org/transmodel/common#TimingPoint"
  } ],
  "http://www.w3.org/2000/01/rdf-schema#range" : [ {
    "@id" : "http://www.w3.org/2001/XMLSchema#nonNegativeInteger"
  } ]
}, {
  "@id" : "https://w3id.org/transmodel/common#vehicleJourney",
  "@type" : [ "http://www.w3.org/2002/07/owl#ObjectProperty", "http://www.w3.org/2002/07/owl#NamedIndividual" ],
  "http://www.w3.org/2000/01/rdf-schema#domain" : [ {
    "@id" : "https://w3id.org/transmodel/common#Vehicle"
  } ],
  "http://www.w3.org/2000/01/rdf-schema#label" : [ {
    "@language" : "en",
    "@value" : "vehicleJourney"
  } ],
  "http://www.w3.org/2000/01/rdf-schema#subPropertyOf" : [ {
    "@id" : "https://w3id.org/transmodel/journeys#TOREVIEW"
  } ]
}, {
  "@id" : "https://w3id.org/transmodel/common#vehicleJourneyDayType",
  "@type" : [ "http://www.w3.org/2002/07/owl#ObjectProperty", "http://www.w3.org/2002/07/owl#NamedIndividual" ],
  "http://www.w3.org/2000/01/rdf-schema#label" : [ {
    "@language" : "en",
    "@value" : "vehicleJourneyDayType"
  } ],
  "http://www.w3.org/2000/01/rdf-schema#subPropertyOf" : [ {
    "@id" : "https://w3id.org/transmodel/journeys#TOREVIEW"
  } ]
}, {
  "@id" : "https://w3id.org/transmodel/common#vehicleJourneyRoute",
  "@type" : [ "http://www.w3.org/2002/07/owl#ObjectProperty", "http://www.w3.org/2002/07/owl#NamedIndividual" ],
  "http://www.w3.org/2000/01/rdf-schema#label" : [ {
    "@language" : "en",
    "@value" : "vehicleJourneyRoute"
  } ],
  "http://www.w3.org/2000/01/rdf-schema#subPropertyOf" : [ {
    "@id" : "https://w3id.org/transmodel/journeys#TOREVIEW"
  } ]
}, {
  "@id" : "https://w3id.org/transmodel/common#waitTime",
  "@type" : [ "http://www.w3.org/2002/07/owl#DatatypeProperty", "http://www.w3.org/2002/07/owl#NamedIndividual" ],
  "http://www.w3.org/2000/01/rdf-schema#label" : [ {
    "@language" : "en",
    "@value" : "waitTime"
  } ],
  "http://www.w3.org/2000/01/rdf-schema#range" : [ {
    "@id" : "http://www.w3.org/2001/XMLSchema#string"
  } ]
}, {
  "@id" : "https://w3id.org/transmodel/commons#",
  "@type" : [ "http://www.w3.org/2002/07/owl#Ontology" ],
  "http://creativecommons.org/ns#license" : [ {
    "@id" : "http://creativecommons.org/licenses/by/4.0/"
  } ],
  "http://purl.org/dc/elements/1.1/creator" : [ {
    "@value" : "Adolfo Antón Bravo (Ontology Engineering Group - Universidad Politécnica de Madrid)"
  }, {
    "@value" : "Jhon Toledo (Ontology Engienering Group - Universidad Politécnica de Madrid)"
  }, {
    "@value" : "Miguel Angel García (Ontology Engienering Group - Universidad Politécnica de Madrid)"
  }, {
    "@value" : "Oscar Corcho (Ontology Engineering Group - Universidad Politécnica de Madrid)"
  } ],
  "http://purl.org/dc/elements/1.1/date" : [ {
    "@value" : "2021-04-15"
  } ],
  "http://purl.org/dc/elements/1.1/description" : [ {
    "@language" : "en",
    "@value" : "Module of the Transmodel Ontology focused on commons. This ontology provides support to the NeTEx model. Visit https://github.com/oeg-upm/transmodel-ontology"
  } ],
  "http://purl.org/dc/elements/1.1/identifier" : [ {
    "@value" : "https://w3id.org/transmodel/commons"
  } ],
  "http://purl.org/dc/elements/1.1/rights" : [ {
    "@value" : "Creative Commons Attribution 4.0 International (CC BY 4.0)"
  } ],
  "http://purl.org/dc/elements/1.1/title" : [ {
    "@language" : "en",
    "@value" : "Transmodel Ontology - Commons"
  } ],
  "http://purl.org/vocab/vann/preferredNamespaceUri" : [ {
    "@id" : "https://w3id.org/transmodel/facilities#"
  } ],
  "http://www.w3.org/2000/01/rdf-schema#comment" : [ {
    "@language" : "en",
    "@value" : "Module of the Transmodel Ontology focused on commons. This ontology provides support to the NeTEx model. Visit https://github.com/oeg-upm/transmodel-ontology"
  } ],
  "http://www.w3.org/2000/01/rdf-schema#label" : [ {
    "@language" : "en",
    "@value" : "Transmodel Ontology - Commons"
  } ],
  "http://www.w3.org/2000/01/rdf-schema#seeAlso" : [ {
    "@language" : "en",
    "@value" : "https://github.com/oeg-upm/transmodel-ontology"
  } ],
  "http://www.w3.org/2002/07/owl#versionIRI" : [ {
    "@id" : "https://w3id.org/transmodel/commons/0.2"
  } ],
  "http://www.w3.org/2002/07/owl#versionInfo" : [ {
    "@language" : "en",
    "@value" : "This is the initial version of the module on Commons, after considering the UML models and XSD descriptions of Transmodel and NeTEx"
  } ]
}, {
  "@id" : "https://w3id.org/transmodel/commons#ClassInRepository",
  "@type" : [ "http://www.w3.org/2002/07/owl#Class", "http://www.w3.org/2002/07/owl#NamedIndividual" ],
  "http://www.w3.org/2000/01/rdf-schema#comment" : [ {
    "@language" : "en",
    "@value" : "any entity name belonging to the repository.  e.g. day type, property of day, time band, vehicle type,  etc, are relevant instances of class in repository in the context of version management."
  } ]
}, {
  "@id" : "https://w3id.org/transmodel/commons#Entity",
  "@type" : [ "http://www.w3.org/2002/07/owl#Class", "http://www.w3.org/2002/07/owl#NamedIndividual" ],
  "http://www.w3.org/2000/01/rdf-schema#comment" : [ {
    "@language" : "en",
    "@value" : "Any data instance to be managed in an operational version management system. when several data sources coexist (multimodality and/or interoperability), an entity has to be related to a given data source in which it is defined."
  } ]
}, {
  "@id" : "https://w3id.org/transmodel/commons#EntityInVersion",
  "@type" : [ "http://www.w3.org/2002/07/owl#Class", "http://www.w3.org/2002/07/owl#NamedIndividual" ],
  "http://www.w3.org/2000/01/rdf-schema#comment" : [ {
    "@language" : "en",
    "@value" : "The entity associated to a given version."
  } ]
}, {
  "@id" : "https://w3id.org/transmodel/commons#GroupOfEntities",
  "@type" : [ "http://www.w3.org/2002/07/owl#Class", "http://www.w3.org/2002/07/owl#NamedIndividual" ],
  "http://www.w3.org/2000/01/rdf-schema#comment" : [ {
    "@language" : "en",
    "@value" : "A set of Entities grouped together according to a Purpose of Grouping, e.g. grouping of stops known to the public by a common name."
  } ],
  "http://www.w3.org/2000/01/rdf-schema#label" : [ {
    "@language" : "en",
    "@value" : "Group of Entities"
  } ]
}, {
  "@id" : "https://w3id.org/transmodel/commons#Layer",
  "@type" : [ "http://www.w3.org/2002/07/owl#Class", "http://www.w3.org/2002/07/owl#NamedIndividual" ],
  "http://www.w3.org/2000/01/rdf-schema#comment" : [ {
    "@language" : "en",
    "@value" : "A user-defined group of entities, specified for a particular functional purpose, associating data referring to a particular locating system."
  } ],
  "http://www.w3.org/2000/01/rdf-schema#subClassOf" : [ {
    "@id" : "https://w3id.org/transmodel/commons#GroupOfEntities"
  } ]
}, {
  "@id" : "https://w3id.org/transmodel/commons#LocatingSystem",
  "@type" : [ "http://www.w3.org/2002/07/owl#Class", "http://www.w3.org/2002/07/owl#NamedIndividual" ],
  "http://www.w3.org/2000/01/rdf-schema#comment" : [ {
    "@language" : "en",
    "@value" : "The system used as reference for location and graphical representation of the network and other spatial objects."
  } ],
  "http://www.w3.org/2000/01/rdf-schema#subClassOf" : [ {
    "@id" : "_:genid1"
  }, {
    "@id" : "_:genid2"
  }, {
    "@id" : "_:genid3"
  } ]
}, {
  "@id" : "https://w3id.org/transmodel/commons#Location",
  "@type" : [ "http://www.w3.org/2002/07/owl#Class", "http://www.w3.org/2002/07/owl#NamedIndividual" ],
  "http://www.w3.org/2000/01/rdf-schema#comment" : [ {
    "@language" : "en",
    "@value" : "The position of a Point with a reference to a given Locating System  (e. g. coordinates)."
  } ],
  "http://www.w3.org/2000/01/rdf-schema#subClassOf" : [ {
    "@id" : "_:genid4"
  }, {
    "@id" : "_:genid5"
  }, {
    "@id" : "_:genid6"
  }, {
    "@id" : "_:genid7"
  }, {
    "@id" : "_:genid8"
  } ]
}, {
  "@id" : "https://w3id.org/transmodel/commons#Place",
  "@type" : [ "http://www.w3.org/2002/07/owl#Class", "http://www.w3.org/2002/07/owl#NamedIndividual" ],
  "http://www.w3.org/2000/01/rdf-schema#comment" : [ {
    "@language" : "en",
    "@value" : "A geographic place of any type which may be specified as the origin or destination of a trip. A Place may be represented as a Point (dimension 0), a road section (dimension 1) or a Zone (dimension 2)."
  } ],
  "http://www.w3.org/2000/01/rdf-schema#label" : [ {
    "@language" : "en",
    "@value" : "Place"
  } ],
  "http://www.w3.org/2000/01/rdf-schema#subClassOf" : [ {
    "@id" : "https://w3id.org/transmodel/commons#Zone"
  } ]
}, {
  "@id" : "https://w3id.org/transmodel/commons#Point",
  "@type" : [ "http://www.w3.org/2002/07/owl#Class", "http://www.w3.org/2002/07/owl#NamedIndividual" ],
  "http://www.w3.org/2000/01/rdf-schema#comment" : [ {
    "@language" : "en",
    "@value" : "A Point is a 0-dimensional Node of the Network used for the spatial description of the network. Point may be located by a Location"
  }, {
    "@language" : "en",
    "@value" : "TODO: Make it in that ontology a subclass of the W3C Geo Point"
  } ],
  "http://www.w3.org/2000/01/rdf-schema#label" : [ {
    "@language" : "en",
    "@value" : "Point"
  } ],
  "http://www.w3.org/2000/01/rdf-schema#subClassOf" : [ {
    "@id" : "_:genid9"
  }, {
    "@id" : "_:genid10"
  } ]
}, {
  "@id" : "https://w3id.org/transmodel/commons#Presentation",
  "@type" : [ "http://www.w3.org/2002/07/owl#Class", "http://www.w3.org/2002/07/owl#NamedIndividual" ],
  "http://www.w3.org/2000/01/rdf-schema#comment" : [ {
    "@language" : "en",
    "@value" : "This class is used to represent a Line, or any other object, in a map"
  } ],
  "http://www.w3.org/2000/01/rdf-schema#label" : [ {
    "@language" : "en",
    "@value" : "Presentation"
  } ],
  "http://www.w3.org/2000/01/rdf-schema#subClassOf" : [ {
    "@id" : "_:genid11"
  }, {
    "@id" : "_:genid12"
  } ]
}, {
  "@id" : "https://w3id.org/transmodel/commons#PurposeOfGrouping",
  "@type" : [ "http://www.w3.org/2002/07/owl#Class", "http://www.w3.org/2002/07/owl#NamedIndividual" ],
  "http://www.w3.org/2000/01/rdf-schema#comment" : [ {
    "@language" : "en",
    "@value" : "functional purpose for which groups of elements are defined. the purpose of grouping may be restricted to one or more types of the given object."
  } ],
  "http://www.w3.org/2000/01/rdf-schema#subClassOf" : [ {
    "@id" : "_:genid13"
  } ]
}, {
  "@id" : "https://w3id.org/transmodel/commons#TOREVIEW",
  "@type" : [ "http://www.w3.org/2002/07/owl#Class" ]
}, {
  "@id" : "https://w3id.org/transmodel/commons#ValidityCondition",
  "@type" : [ "http://www.w3.org/2002/07/owl#Class", "http://www.w3.org/2002/07/owl#NamedIndividual" ],
  "http://www.w3.org/2000/01/rdf-schema#comment" : [ {
    "@language" : "en",
    "@value" : "Condition used in order to characterise a given version of a version frame. a validity condition consists of a parameter (e.g. date, triggering event, etc.) and its type of application  (e.g. for,  from,  until, etc.)."
  } ]
}, {
  "@id" : "https://w3id.org/transmodel/commons#Version",
  "@type" : [ "http://www.w3.org/2002/07/owl#Class", "http://www.w3.org/2002/07/owl#NamedIndividual" ],
  "http://www.w3.org/2000/01/rdf-schema#comment" : [ {
    "@language" : "en",
    "@value" : "A group of operational data instances which share the same validity conditions. a version belongs to a unique version frame and is characterised by a unique type of version."
  } ]
}, {
  "@id" : "https://w3id.org/transmodel/commons#VersionFrame",
  "@type" : [ "http://www.w3.org/2002/07/owl#Class", "http://www.w3.org/2002/07/owl#NamedIndividual" ],
  "http://www.w3.org/2000/01/rdf-schema#comment" : [ {
    "@language" : "en",
    "@value" : "A set of versions referring to a same data source and belonging to the same type of frame. a frame may be restricted by validity conditions."
  } ],
  "http://www.w3.org/2000/01/rdf-schema#subClassOf" : [ {
    "@id" : "_:genid14"
  }, {
    "@id" : "_:genid15"
  } ]
}, {
  "@id" : "https://w3id.org/transmodel/commons#Zone",
  "@type" : [ "http://www.w3.org/2002/07/owl#Class", "http://www.w3.org/2002/07/owl#NamedIndividual" ],
  "http://www.w3.org/2000/01/rdf-schema#comment" : [ {
    "@language" : "en",
    "@value" : "A two dimensional Place within the Service Area of an Operator or Serviced Operator. It can be:\n- AdministrativeZone\n- TariffZone\n- AccessZone\n- ..."
  } ],
  "http://www.w3.org/2000/01/rdf-schema#label" : [ {
    "@language" : "en",
    "@value" : "Zone"
  } ]
}, {
  "@id" : "https://w3id.org/transmodel/commons#aClasificationFor",
  "@type" : [ "http://www.w3.org/2002/07/owl#ObjectProperty" ],
  "http://www.w3.org/2000/01/rdf-schema#range" : [ {
    "@id" : "https://w3id.org/transmodel/commons#GroupOfEntities"
  } ]
}, {
  "@id" : "https://w3id.org/transmodel/commons#at",
  "@type" : [ "http://www.w3.org/2002/07/owl#ObjectProperty", "http://www.w3.org/2002/07/owl#NamedIndividual" ],
  "http://www.w3.org/2000/01/rdf-schema#comment" : [ {
    "@language" : "en",
    "@value" : "This property sets the relationship between something and other thing related to it. It is used in multiple situations and modules of this ontology"
  } ],
  "http://www.w3.org/2000/01/rdf-schema#label" : [ {
    "@language" : "en",
    "@value" : "at"
  } ],
  "http://www.w3.org/2000/01/rdf-schema#subPropertyOf" : [ {
    "@id" : "https://w3id.org/transmodel/journeys#TOREVIEW"
  } ]
}, {
  "@id" : "https://w3id.org/transmodel/commons#author",
  "@type" : [ "http://www.w3.org/2002/07/owl#AnnotationProperty" ]
}, {
  "@id" : "https://w3id.org/transmodel/commons#borderCrossing",
  "@type" : [ "http://www.w3.org/2002/07/owl#DatatypeProperty", "http://www.w3.org/2002/07/owl#NamedIndividual" ],
  "http://www.w3.org/2000/01/rdf-schema#label" : [ {
    "@language" : "en",
    "@value" : "This property determines whether the Point is on a border crossing"
  }, {
    "@language" : "en",
    "@value" : "border crossing"
  } ],
  "http://www.w3.org/2000/01/rdf-schema#range" : [ {
    "@id" : "http://www.w3.org/2001/XMLSchema#boolean"
  } ]
}, {
  "@id" : "https://w3id.org/transmodel/commons#colour",
  "@type" : [ "http://www.w3.org/2002/07/owl#DatatypeProperty", "http://www.w3.org/2002/07/owl#NamedIndividual" ],
  "http://www.w3.org/2000/01/rdf-schema#comment" : [ {
    "@language" : "en",
    "@value" : "The colour used to represent something with a Presentation (e.g., a Line)"
  } ],
  "http://www.w3.org/2000/01/rdf-schema#label" : [ {
    "@language" : "en",
    "@value" : "colour"
  } ],
  "http://www.w3.org/2000/01/rdf-schema#range" : [ {
    "@id" : "http://www.w3.org/2001/XMLSchema#string"
  } ]
}, {
  "@id" : "https://w3id.org/transmodel/commons#creator",
  "@type" : [ "http://www.w3.org/2002/07/owl#AnnotationProperty" ]
}, {
  "@id" : "https://w3id.org/transmodel/commons#description",
  "@type" : [ "http://www.w3.org/2002/07/owl#AnnotationProperty" ],
  "http://www.w3.org/2000/01/rdf-schema#domain" : [ {
    "@id" : "https://w3id.org/transmodel/commons#MeetingPointService"
  } ],
  "http://www.w3.org/2000/01/rdf-schema#range" : [ {
    "@id" : "http://www.w3.org/2000/01/rdf-schema#Literal"
  } ]
}, {
  "@id" : "https://w3id.org/transmodel/commons#in",
  "@type" : [ "http://www.w3.org/2002/07/owl#ObjectProperty", "http://www.w3.org/2002/07/owl#NamedIndividual" ],
  "http://www.w3.org/2000/01/rdf-schema#comment" : [ {
    "@language" : "en",
    "@value" : "This property sets the relationship between something and other thing contained in the first. It is used in multiple situations and modules of this ontology (e.g., Quay in Stop Place)"
  } ],
  "http://www.w3.org/2000/01/rdf-schema#label" : [ {
    "@language" : "en",
    "@value" : "in"
  } ],
  "http://www.w3.org/2000/01/rdf-schema#subPropertyOf" : [ {
    "@id" : "https://w3id.org/transmodel/journeys#TOREVIEW"
  } ]
}, {
  "@id" : "https://w3id.org/transmodel/commons#locatedBy",
  "@type" : [ "http://www.w3.org/2002/07/owl#ObjectProperty" ],
  "http://www.w3.org/2000/01/rdf-schema#domain" : [ {
    "@id" : "https://w3id.org/transmodel/commons#Point"
  } ],
  "http://www.w3.org/2000/01/rdf-schema#range" : [ {
    "@id" : "https://w3id.org/transmodel/commons#Location"
  } ]
}, {
  "@id" : "https://w3id.org/transmodel/commons#mbox",
  "@type" : [ "http://www.w3.org/2002/07/owl#AnnotationProperty" ]
}, {
  "@id" : "https://w3id.org/transmodel/commons#name",
  "@type" : [ "http://www.w3.org/2002/07/owl#AnnotationProperty" ],
  "http://www.w3.org/2000/01/rdf-schema#range" : [ {
    "@id" : "http://www.w3.org/2000/01/rdf-schema#Literal"
  } ]
}, {
  "@id" : "https://w3id.org/transmodel/commons#referenceFor",
  "@type" : [ "http://www.w3.org/2002/07/owl#ObjectProperty", "http://www.w3.org/2002/07/owl#NamedIndividual" ],
  "http://www.w3.org/2000/01/rdf-schema#comment" : [ {
    "@language" : "en",
    "@value" : "This property references for location"
  } ]
}, {
  "@id" : "https://w3id.org/transmodel/commons#textColour",
  "@type" : [ "http://www.w3.org/2002/07/owl#DatatypeProperty", "http://www.w3.org/2002/07/owl#NamedIndividual" ],
  "http://www.w3.org/2000/01/rdf-schema#comment" : [ {
    "@language" : "en",
    "@value" : "The colour used to represent the text associated to something with a Presentation (e.g., a Line)"
  } ],
  "http://www.w3.org/2000/01/rdf-schema#label" : [ {
    "@language" : "en",
    "@value" : "text colour"
  } ],
  "http://www.w3.org/2000/01/rdf-schema#range" : [ {
    "@id" : "http://www.w3.org/2001/XMLSchema#string"
  } ]
}, {
  "@id" : "https://w3id.org/transmodel/journeys#PointInLinkSequence",
  "@type" : [ "http://www.w3.org/2002/07/owl#Class" ]
}, {
  "@id" : "https://w3id.org/transmodel/journeys#TOREVIEW",
  "@type" : [ "http://www.w3.org/2002/07/owl#ObjectProperty" ]
}, {
  "@id" : "https://w3id.org/transmodel/journeys#aViewOf",
  "@type" : [ "http://www.w3.org/2002/07/owl#ObjectProperty" ]
}, {
  "@id" : "https://w3id.org/transmodel/kos/commons/all-modes",
  "@type" : [ "http://www.w3.org/2002/07/owl#NamedIndividual", "http://www.w3.org/2004/02/skos/core#ConceptScheme" ]
}, {
  "@id" : "https://w3id.org/transmodel/kos/commons/continous-mode",
  "@type" : [ "http://www.w3.org/2002/07/owl#NamedIndividual", "http://www.w3.org/2004/02/skos/core#ConceptScheme" ]
}, {
  "@id" : "https://w3id.org/transmodel/kos/commons/road-vehicle-mode",
  "@type" : [ "http://www.w3.org/2002/07/owl#NamedIndividual", "http://www.w3.org/2004/02/skos/core#ConceptScheme" ],
  "http://www.w3.org/2000/01/rdf-schema#label" : [ {
    "@language" : "en",
    "@value" : "road-vehicle-mode"
  } ]
}, {
  "@id" : "https://w3id.org/transmodel/kos/commons/sites-access-mode",
  "@type" : [ "http://www.w3.org/2002/07/owl#NamedIndividual", "http://www.w3.org/2004/02/skos/core#ConceptScheme" ]
}, {
  "@id" : "https://w3id.org/transmodel/kos/commons/vehicle-mode",
  "@type" : [ "http://www.w3.org/2002/07/owl#NamedIndividual", "http://www.w3.org/2004/02/skos/core#ConceptScheme" ]
} ]